place_id,place,city,text,category,time_of_day
7384,Alcazaba de Malaga,Malaga,"Alcazaba de Malaga is a historic fortress dating back to the 11th century and located on a hill overlooking Malaga. It features stunning Moorish architecture, including beautiful courtyards, gardens, and impressive walls. Visitors can explore the various towers and halls, and enjoy panoramic views of the city and the sea from the top.",Historical,Morning
1843,Museo Picasso Malaga,Malaga,"Museo Picasso Malaga is a museum dedicated to the world-renowned artist Pablo Picasso, who was born in Malaga. The museum showcases an extensive collection of his works, including paintings, sculptures, and drawings, providing insights into his life and art. It is housed in a beautifully restored 16th-century palace, adding to the charm of the museum.",Cultural,Morning
712,Malaga Cathedral,Malaga,"Malaga Cathedral, also known as La Manquita due to its unfinished south tower, is a magnificent Renaissance cathedral located in the heart of Malaga. It features intricate carvings, stunning stained glass windows, and a mix of Gothic, Renaissance, and Baroque styles. Visitors can explore the interior, including the choir stalls, the sacristy, and the museum, which houses religious art and artifacts.",Historical,Morning
2787,Playa de la Malagueta,Malaga,"Playa de la Malagueta is a popular city beach in Malaga, known for its golden sands and clear waters. It offers a wide range of amenities, including beach bars, showers, sun loungers, and water sports facilities. Visitors can swim in the Mediterranean Sea, relax on the beach, or take a leisurely stroll along the promenade and enjoy the views of the coastline.",Beach,Morning
2467,Castillo de Gibralfaro,Malaga,"Castillo de Gibralfaro is an ancient castle located on a hill overlooking Malaga. It was built in the 14th century and offers panoramic views of the city, the Mediterranean Sea, and the surrounding landscape. Visitors can explore the castle's walls, towers, and courtyards, and learn about its history as a defensive fortress during the Moorish period.",Historical,Morning
252,Teatro Romano,Malaga,"Teatro Romano is a well-preserved Roman theatre dating back to the 1st century BC, located in the heart of Malaga. It was rediscovered in the 20th century and is now an important archaeological site. Visitors can admire the ancient ruins, including the stage, the seating area, and the orchestra pit, and learn about the Roman history of Malaga through informative displays and exhibits.",Historical,Morning
7484,Mercado Central de Atarazanas,Malaga,"Mercado Central de Atarazanas is a bustling central market in Malaga, housed in a beautiful 19th-century building that was originally a Moorish shipyard. It offers a wide range of fresh produce, including fruits, vegetables, meats, and seafood, as well as local delicacies, spices, and sweets. Visitors can explore the market, sample the local flavors, and experience the vibrant atmosphere of a traditional Spanish market.",Cultural,Morning
9332,Museo Carmen Thyssen,Malaga,"Museo Carmen Thyssen is an art museum located in a historic palace in Malaga, showcasing a diverse collection of Spanish art from the 19th and early 20th centuries. The museum features works by renowned Spanish artists such as Sorolla, Zuloaga, and Romero de Torres, providing insights into the cultural and artistic heritage of Spain during that period. Visitors can admire the beautiful artwork, as well as the ornate architecture and decorative elements of the palace.",Cultural,Morning
7584,Jardín Botánico Histórico La Concepción,Malaga,"Jardín Botánico Histórico La Concepción is a historical botanical garden located in the outskirts of Malaga. It spans over 23 hectares and features a stunning collection of plants from around the world, including tropical and subtropical species. Visitors can explore the diverse gardens, which are laid out in different styles, including English, French, and Italian gardens, and enjoy the tranquil atmosphere, fountains, and ponds.",Nature,Morning
9925,Muelle Uno,Malaga,"Muelle Uno is a modern marina and shopping complex located in the port of Malaga. It offers a wide range of shops, restaurants, and entertainment options, as well as panoramic views of the harbor and the city. Visitors can stroll along the waterfront promenade, relax in the outdoor seating areas, and enjoy the vibrant atmosphere of this lively destination.",Beach,Afternoon
3490,La Farola,Malaga,"La Farola is a historic lighthouse located at the entrance of the port of Malaga. It was built in the 19th century and is a symbol of the city. Visitors can admire the impressive structure and enjoy panoramic views of the Mediterranean Sea, the city, and the surrounding coastline. It is a popular spot for taking photos and enjoying the sunset over the sea.",Nature,Afternoon
9743,Plaza de la Merced,Malaga,"Plaza de la Merced is a historical square located in the center of Malaga. It is known for its lively atmosphere, historic buildings, and picturesque surroundings. The square is surrounded by charming cafes, bars, and shops, and features a statue of Picasso, who was born in a house facing the square. It is a popular meeting place for locals and tourists alike, and a great spot for people-watching and soaking up the local culture.",Cultural,Afternoon
4062,CAC Malaga,Malaga,"CAC Malaga is a contemporary art center located in a modern building in Malaga. It showcases temporary exhibitions of contemporary art, including paintings, sculptures, installations, and multimedia works by national and international artists. The center also offers educational programs, workshops, and cultural events, making it a vibrant hub for contemporary art and culture in the city.",Cultural,Afternoon
165,Museo del Vidrio y Cristal de Malaga,Malaga,"Museo del Vidrio y Cristal de Malaga is a unique museum dedicated to glass and crystal art. It features a diverse collection of glassware, crystal objects, and stained glass windows from different historical periods and countries. Visitors can admire the intricate craftsmanship and learn about the history and techniques of glassmaking. The museum is housed in a beautiful 18th-century mansion, adding to its charm and ambiance.",Cultural,Afternoon
9065,Parque de Malaga,Malaga,"Parque de Malaga is a green oasis located in the city center of Malaga. It offers a peaceful escape from the hustle and bustle of the city and features lush gardens, fountains, ponds, and playgrounds. Visitors can stroll along the winding paths, relax on the benches, and enjoy the beauty of the park's botanical treasures, including exotic plants and trees.",Nature,Afternoon
1764,Palacio de Ferias y Congresos,Malaga,"Palacio de Ferias y Congresos is a modern convention center located in Malaga, designed to host conferences, exhibitions, and other events. It features state-of-the-art facilities, including meeting rooms, exhibition halls, and conference spaces. The center hosts a variety of national and international events, making it a hub for business, culture, and innovation in the region.",Cultural,Afternoon
4247,Museo de Málaga,Malaga,"Museo de Málaga is a museum located in a historic building in Malaga that houses both the Fine Arts Museum and the Archaeological Museum of Malaga. The museum features a diverse collection of art and artifacts, including paintings,sculptures, archaeological finds, and decorative arts, showcasing the rich cultural heritage of the region. Visitors can explore the extensive collections, which span from ancient times to contemporary art, and learn about the history, culture, and artistic traditions of Malaga and its surrounding areas.",Cultural,Afternoon
1210,Plaza de la Constitución,Malaga,"Plaza de la Constitución is the main square of Malaga, known for its historic significance and lively atmosphere. It is surrounded by charming buildings with balconies, cafes, and shops, and features a central fountain. The square is a popular meeting place for locals and tourists alike, and hosts various events and performances throughout the year. It is a great spot for people-watching, taking a break from sightseeing, or simply soaking up the vibrant ambiance of the city.",Cultural,Afternoon
463,Calle Larios,Malaga,"Calle Larios is a famous shopping street located in the heart of Malaga. It is known for its elegant architecture, wide pedestrianized boulevard, and high-end shops. Visitors can stroll along the street, lined with beautiful buildings adorned with ornate balconies, and enjoy the bustling atmosphere of shoppers, street performers, and local vendors. Calle Larios is a popular destination for fashion enthusiasts, offering a wide range of boutiques, luxury brands, and local designers, making it a perfect spot for a leisurely shopping spree or a fashionable stroll.",Cultural,Afternoon
185,Museo del Prado,Madrid,"Museo del Prado is one of the most famous art museums in the world, known for its extensive collection of European art from the 12th to the 19th centuries. The museum houses works by renowned artists such as Velázquez, Goya, El Greco, and Titian, and is a must-visit for art lovers and history enthusiasts alike.",Historical,Afternoon
990,Palacio Real,Madrid,"Palacio Real is the official royal palace of Madrid and one of the largest palaces in Europe. It boasts stunning architecture, opulent interiors, and beautiful gardens, offering visitors a glimpse into the Spanish monarchy's grandeur and history. The palace is used for official ceremonies and is open for public tours, providing a unique insight into the country's royal heritage.",Historical,Afternoon
7171,Retiro Park,Madrid,"Retiro Park is a vast green oasis in the heart of Madrid, known for its lush gardens, scenic paths, and tranquil lakes. It is a popular spot for locals and tourists alike to relax, enjoy outdoor activities, and escape the hustle and bustle of the city. The park is home to various statues, fountains, and historical landmarks, including the iconic Crystal Palace, making it a perfect destination for nature lovers and history buffs.",Nature,Afternoon
4914,Museo Reina Sofia,Madrid,"Museo Reina Sofia is a renowned contemporary art museum, known for its collection of Spanish and international modern and contemporary art. The museum houses works by artists such as Picasso, Dalí, Miró, and many others, and is famous for its iconic piece, Guernica, by Picasso. Museo Reina Sofia is a must-visit for art enthusiasts interested in modern and contemporary art movements and their impact on Spanish and global culture.",Historical,Afternoon
2086,Puerta del Sol,Madrid,"Puerta del Sol is one of the most iconic squares in Madrid, known as the geographic and symbolic center of the city. It is a vibrant and bustling area, surrounded by historic buildings, shops, and cafes. Puerta del Sol is famous for its symbolic clock, statue of the Bear and the Strawberry Tree, and as the traditional spot where locals gather to celebrate New Year's Eve.",Cultural,Night
449,Plaza Mayor,Madrid,"Plaza Mayor is a historic square in Madrid, known for its beautiful architecture, rich history, and lively atmosphere. It is surrounded by stunning buildings with arched galleries, adorned with frescoes, and features a statue of Philip III in the center. The square is a popular meeting place, and hosts various events, performances, and markets throughout the year.",Cultural,Night
2883,Templo de Debod,Madrid,"Templo de Debod is an ancient Egyptian temple located in Madrid, gifted to Spain by the Egyptian government. It is a unique and fascinating attraction, offering visitors a glimpse into ancient Egyptian culture and architecture. The temple is surrounded by beautiful gardens and offers panoramic views of the city, making it a popular spot for photography, relaxation, and cultural exploration.",Cultural,Night
5011,Gran Vía,Madrid,"Gran Vía is a famous shopping street in Madrid, known for its vibrant atmosphere, theaters, and shops. It is lined with beautiful buildings, showcasing different architectural styles, and offers a wide range of shops, boutiques, and department stores, making it a shopping haven for fashion enthusiasts and trendsetters.",Cultural,Night
195,Mercado de San Miguel,Madrid,"Mercado de San Miguel is a historic food market in Madrid, known for its culinary delights and lively ambiance. It is a great spot to sample local Spanish cuisine, including tapas, seafood, meats, and sweets, and to soak up the bustling atmosphere of the market while exploring the diverse flavors of Madrid. The market is housed in a beautiful iron structure with glass walls, and it offers a wide variety of gourmet products, fresh produce, and traditional Spanish delicacies. It's a must-visit for foodies and those looking to experience the vibrant culinary culture of Madrid.",Cultural,Night
655,Museo Thyssen-Bornemisza,Madrid,"Museo Thyssen-Bornemisza is a renowned art museum in Madrid, known for its extensive collection of European art spanning from the Middle Ages to the 20th century. The museum houses works by renowned artists such as Van Gogh, Monet, Rembrandt, and Caravaggio, among others. It features a diverse range of artistic styles, making it a fascinating destination for art enthusiasts to explore the evolution of European art over the centuries.",Cultural,Night
1302,Santiago Bernabeu Stadium,Madrid,"Santiago Bernabeu Stadium is the home stadium of Real Madrid, one of the most successful soccer clubs in the world. It is an iconic destination for soccer fans, offering stadium tours that provide a behind-the-scenes look at the club's history, achievements, and memorabilia. Visitors can also enjoy interactive exhibits, explore the player's tunnel, and step onto the pitch, making it a thrilling experience for soccer enthusiasts and sports lovers.",Adventurous,Night
5163,Royal Botanic Garden,Madrid,"Royal Botanic Garden is a serene oasis located near Retiro Park, known for its beautiful collection of plants from around the world. It offers a peaceful escape from the bustling city, with tranquil gardens, fountains, and greenhouses showcasing a diverse array of flora. It's a perfect spot for nature lovers, botany enthusiasts, and those seeking a peaceful retreat amidst nature.",Nature,Morning
7612,Cibeles Palace,Madrid,"Cibeles Palace is a historic building in Madrid, known for its striking architecture and iconic status as a symbol of the city. It is located at Plaza de Cibeles and is famous for its beautiful neoclassical facade, adorned with sculptures and fountains. The building has served various purposes over the years, including as a post office and a city hall, and it's a popular spot for tourists to admire its grandeur and take memorable photos.",Cultural,Morning
8135,Royal Theater,Madrid,"Royal Theater, also known as Teatro Real, is a historic opera house in Madrid, known for its grand architecture, opulent interiors, and world-class performances. It is one of the most important cultural institutions in Spain and hosts a wide range of operas, ballets, and concerts throughout the year. The theater offers guided tours, providing visitors with a glimpse into its rich history, backstage areas, and artistic heritage, making it a must-visit for music and theater lovers.",Cultural,Morning
573,Plaza de España,Madrid,"Plaza de España is a large square in Madrid, known for its impressive architecture, grand monuments, and iconic skyscrapers. It features a large fountain, statues, and a central monument honoring the famous Spanish writer Cervantes. The square is surrounded by historic buildings, including the Edificio Telefónica and the Torre de Madrid, and offers panoramic views of the city. It's a popular spot for strolling, taking photos, and enjoying the grandeur of Madrid's architecture and history.",Cultural,Morning
8631,Parque Warner Madrid,Madrid,"Parque Warner Madrid is an amusement park located in the outskirts of Madrid, themed after Warner Bros movies and characters. It offers thrilling rides, shows, and attractions based on popular movies such as Batman, Superman, and Harry Potter, making it a must-visit destination for families, movie enthusiasts, and thrill-seekers. The park also features live performances, dining options, and themed areas, providing a fun-filled day of entertainment for visitors of all ages.",Adventurous,Morning
2147,CaixaForum Madrid,Madrid,"CaixaForum Madrid is an art and cultural center housed in a unique building designed by Swiss architects Herzog & de Meuron. It is known for its modern and contemporary art exhibitions, as well as its cultural and educational programs. The center features a diverse range of exhibitions, including photography, painting, sculpture, and multimedia installations, showcasing both Spanish and international artists. CaixaForum Madrid also hosts lectures, workshops, and concerts, making it a vibrant hub for art and culture enthusiasts.",Cultural,Morning
6958,Museo Nacional de Antropologia,Madrid,"Museo Nacional de Antropologia is a national anthropology museum in Madrid, dedicated to the study and exhibition of ethnography and anthropology. It houses a vast collection of objects and artifacts from around the world, showcasing the diversity of cultures and societies. The museum offers insights into human evolution, traditional crafts, rituals, and customs of different civilizations, making it a fascinating destination for those interested in anthropology, history, and cultural heritage.",Cultural,Morning
7511,Museo Sorolla,Madrid,"Museo Sorolla is a museum dedicated to the Spanish painter Joaquín Sorolla, known for his luminous and vibrant paintings depicting scenes of the Spanish coastline, gardens, and daily life. The museum is housed in Sorolla's former residence and studio, which has been preserved to showcase his works and personal belongings. It offers a unique insight into the life and artistic style of Sorolla, making it a must-visit for art lovers and fans of Spanish impressionism.",Cultural,Morning
510,Reina Victoria Theatre,Madrid,"Reina Victoria Theatre is a historic theater in Madrid, known for its rich cultural heritage and significant contribution to Spanish theater. It opened in 1926 and has since hosted numerous plays, musicals, and performances by renowned artists. The theater's ornate interiors, including its exquisite ceiling and balconies, are worth admiring, and it offers a unique experience to witness live performances in a historic setting.",Cultural,Morning
4475,Sagrada Familia,Barcelona,"The Sagrada Familia is an iconic basilica designed by the renowned architect Antoni Gaudi. It is known for its unique and intricate facade, as well as its towering spires. Visitors can explore the interior of the basilica and marvel at its impressive stained glass windows and awe-inspiring architecture.",Historical,Morning
8547,Park Güell,Barcelona,"Park Güell is a colorful public park also designed by Gaudi. It is famous for its playful and whimsical design, featuring colorful mosaics, unique structures, and stunning views of Barcelona. Visitors can stroll through the park's beautiful gardens, admire the unique architecture, and enjoy panoramic views of the city.",Nature,Morning
9119,La Rambla,Barcelona,"La Rambla is a famous boulevard in Barcelona, known for its vibrant atmosphere and bustling street life. It is lined with shops, cafes, street performers, and flower stalls, making it a popular spot for leisurely walks and people-watching. Visitors can also explore the nearby historic neighborhoods and landmarks, such as the Gothic Quarter and Barcelona Cathedral.",Cultural,Morning
5637,Casa Batlló,Barcelona,"Casa Batlló is a unique house designed by Gaudi, known for its striking facade and imaginative design. It features colorful mosaics, undulating forms, and innovative use of materials. Visitors can take a guided tour of the interior and learn about Gaudi's innovative architectural concepts and artistic vision.",Cultural,Morning
7757,Camp Nou,Barcelona,"Camp Nou is the famous soccer stadium of FC Barcelona, one of the most successful football clubs in the world. Visitors can take a guided tour of the stadium, explore its museum, and learn about the history and achievements of FC Barcelona. There is also a megastore where fans can purchase club merchandise.",Cultural,Morning
1670,Montjuïc,Barcelona,"Montjuïc is a hill in Barcelona known for its museums, parks, and panoramic views of the city. Visitors can take a cable car or hike up to the top of the hill and explore its many attractions, including the Montjuïc Castle, the Joan Miró Foundation, the Magic Fountain of Montjuïc, and the Olympic Stadium.",Nature,Morning
3097,Gothic Quarter,Barcelona,"The Gothic Quarter is a historic neighborhood in Barcelona known for its medieval architecture, narrow streets, and atmospheric alleys. It is home to many historic buildings, including the Barcelona Cathedral, the Roman Temple of Augustus, and the Plaça del Rei. Visitors can wander through its maze-like streets and discover hidden gems around every corner.",Cultural,Morning
5388,Picasso Museum,Barcelona,"The Picasso Museum in Barcelona is dedicated to the famous Spanish artist Pablo Picasso. It houses an extensive collection of Picasso's works, including paintings, drawings, and sculptures from different periods of his career. Visitors can learn about Picasso's life and artistic evolution through his works displayed in the museum's galleries.",Cultural,Morning
9336,Magic Fountain of Montjuïc,Barcelona,"The Magic Fountain of Montjuïc is a large fountain located at the base of Montjuïc hill. It is known for its spectacular nightly light and music shows, where water jets are choreographed to music and colorful lights. Visitors can enjoy the mesmerizing displays of water, light, and music in the evenings, especially during the warmer months.",Nature,Morning
1247,Tibidabo,Barcelona,"Tibidabo is a mountain located in Barcelona and is known for its panoramic views of the city and its amusement park. Visitors can take a funicular or hike up to the top of the mountain and enjoy breathtaking views of Barcelona and the surrounding area. The amusement park at Tibidabo offers a nostalgic charm with its vintage rides and attractions, making it a popular destination for families and thrill-seekers alike.",Adventurous,Morning
6534,Casa Milà,Barcelona,"Casa Milà, also known as La Pedrera, is another unique house designed by Gaudi and is known for its unconventional design and striking facade. It features undulating forms, unique balconies, and a rooftop adorned with chimneys that resemble soldiers. Visitors can take a guided tour of the interior and rooftop, and learn about Gaudi's innovative architectural techniques and artistic style.",Beach,Morning
3496,Barcelona Cathedral,Barcelona,"Barcelona Cathedral, also known as the Cathedral of the Holy Cross and Saint Eulalia, is a historic cathedral located in the Gothic Quarter of Barcelona. It is known for its grand Gothic architecture, beautiful stained glass windows, and ornate chapels. Visitors can explore the interior of the cathedral, including its cloister and terrace, and enjoy panoramic views of the city from the top.",Historical,Morning
2383,Palau de la Música Catalana,Barcelona,"The Palau de la Música Catalana is a stunning concert hall designed by the architect Lluís Domènech i Montaner. It is known for its exquisite Catalan modernist architecture, featuring stained glass windows, mosaics, and sculptures. Visitors can take guided tours of the concert hall and admire its unique features, including the ornate glass dome and the grand staircase.",Cultural,Morning
2353,Barceloneta Beach,Barcelona,"Barceloneta Beach is one of Barcelona's most popular beaches, known for its golden sand, clear waters, and vibrant atmosphere. It is a great spot for sunbathing, swimming, and water sports, as well as for enjoying the many beachfront bars and restaurants. Visitors can also stroll along the promenade, rent bikes or rollerblades, and enjoy the lively beach scene.",Beach,Morning
9079,Park de la Ciutadella,Barcelona,"Park de la Ciutadella is a large park located in the city center of Barcelona. It is known for its lush greenery, beautiful lake, and iconic Cascada fountain. Visitors can enjoy leisurely walks, have a picnic, rent a rowboat on the lake, or visit the Barcelona Zoo located within the park. It is a popular spot for locals and tourists alike to relax and enjoy nature in the heart of the city.",Nature,Morning
545,Museu Nacional dArt de Catalunya,Barcelona,"The Museu Nacional d'Art de Catalunya, also known as MNAC, is a national art museum located in Montjuïc. It houses an extensive collection of Catalan art from the Romanesque period to the mid-20th century, including paintings, sculptures, and decorative arts. Visitors can admire the impressive collection, which includes works by renowned artists such as Gaudi, El Greco, and Velazquez, and enjoy panoramic views of the city from the museum's terrace.",Cultural,Afternoon
2656,Port Vell,Barcelona,"Port Vell is the marina of Barcelona, known for its bustling waterfront and beautiful views of the Mediterranean Sea. It is a popular spot for leisurely walks, boat trips, and enjoying the fresh seafood in its many restaurants. Visitors can also explore the nearby Maremagnum shopping mall, the Barcelona Aquarium, and the historic shipyard of Drassanes.",Beach,Morning
5757,Tibidabo Amusement Park,Barcelona,"Tibidabo Amusement Park is a vintage amusement park located on the top of Tibidabo mountain. It is known for its nostalgic charm, with its vintage rides, colorful attractions, and panoramic views of the city. Visitors can enjoy a variety of rides, including a Ferris wheel, a roller coaster, and a carousel, as well as visit the park's museum of automata and the Tibidabo Skywalk, a suspended walk way offering breathtaking views of Barcelona.",Adventurous,Morning
4491,Poble Espanyol,Barcelona,"Poble Espanyol is an architectural museum that showcases the diverse architectural styles of Spain. It was built for the 1929 Barcelona International Exposition and features replicas of buildings from different regions of Spain, showcasing their unique architecture, culture, and crafts. Visitors can explore the narrow streets, squares, and courtyards of Poble Espanyol, which now also houses various shops, restaurants, and artisan workshops where visitors can watch craftsmen at work.",Cultural,Morning
9966,Fundació Joan Miró,Barcelona,"The Fundació Joan Miró is a modern art museum dedicated to the renowned Catalan artist Joan Miró. It houses a vast collection of Miró's works, including paintings, sculptures, prints, and drawings, showcasing his unique surrealist and abstract style. The museum also hosts temporary exhibitions of contemporary art and offers panoramic views of the city from its terrace. Visitors can learn about Miró's life and artistic career, and appreciate his innovative and influential contributions to modern art.",Cultural,Morning
8316,Cala Macarella,Menorca,"Cala Macarella is a picturesque beach known for its pristine turquoise waters, fine white sand, and lush surrounding cliffs. It is a popular spot for swimming, sunbathing, and snorkeling, with its crystal-clear waters teeming with marine life. The beach is accessible via a short walk through pine forests, adding to its secluded and natural charm.",Beach,Afternoon
8162,Ciutadella de Menorca,Menorca,"Ciutadella de Menorca is a historic city on the western coast of Menorca, known for its medieval architecture, narrow cobblestone streets, and picturesque harbor. It boasts an impressive cathedral, palaces, and ancient fortifications, as well as numerous shops, cafes, and restaurants. Ciutadella de Menorca is also famous for its vibrant festivals and cultural events, making it a captivating destination for history and culture enthusiasts.",Nature,Afternoon
7751,Naveta des Tudons,Menorca,"Naveta d'es Tudons is an ancient burial site dating back to the Bronze Age, located near Ciutadella de Menorca. It is a unique megalithic structure shaped like an inverted boat, made of large stone slabs without mortar. The site offers insights into the prehistoric funerary customs and architecture of the region, providing a glimpse into Menorca's rich archaeological heritage.",Historical,Afternoon
9610,Cala Turqueta,Menorca,"Cala Turqueta is a stunning beach known for its turquoise waters, soft white sand, and picturesque pine forest backdrop. It is a protected cove surrounded by rocky cliffs, creating a sheltered and tranquil environment. The beach is popular for swimming, snorkeling, and sunbathing, offering a serene and natural setting for relaxation and leisure.",Beach,Afternoon
3205,Monte Toro,Menorca,"Monte Toro is the highest peak on the island of Menorca, offering panoramic views of the entire island and beyond. It is a sacred site with a small chapel at the summit, attracting pilgrims and visitors alike. The mountain is also home to a variety of flora and fauna, making it a popular spot for hiking, birdwatching, and enjoying breathtaking vistas of Menorca's stunning landscapes.",Nature,Afternoon
6690,Cala Mitjana,Menorca,"Cala Mitjana is a secluded beach characterized by its crystal-clear turquoise waters, golden sand, and pristine natural surroundings. It is a hidden gem accessible via a short hike through pine forests, offering a sense of tranquility and seclusion. The beach is perfect for swimming, snorkeling, and sunbathing, providing an idyllic spot for a peaceful day by the sea.",Beach,Afternoon
3676,Fornells,Menorca,"Fornells is a charming fishing village located on the northern coast of Menorca, known for its picturesque harbor, traditional whitewashed houses, and scenic views. It is a popular destination for water sports such as sailing, windsurfing, and kayaking, with its calm bay and favorable wind conditions. Fornells is also renowned for its delicious seafood, making it a must-visit spot for culinary enthusiasts.",Cultural,Afternoon
1688,Cala Galdana,Menorca,"Cala Galdana is a beautiful beach nestled in a horseshoe-shaped bay with fine white sand and crystal-clear waters. It is a family-friendly beach with shallow waters, making it ideal for swimming and snorkeling. The beach is surrounded by pine-covered cliffs, providing a scenic backdrop for relaxation and leisure. Cala Galdana is also well-equipped with facilities such as restaurants, bars, and water sports activities, making it a popular tourist spot.",Beach,Afternoon
1849,Binibeca Vell,Menorca,"Binibeca Vell is a picturesque fishing village known for its whitewashed houses, narrow alleys, and traditional architecture reminiscent of a typical Mediterranean village. It is a quaint and charming destination with its labyrinthine streets, flower-filled courtyards, and colorful facades, offering a delightful setting for leisurely strolls and exploration. Binibeca Vell also has a small beach with calm waters, perfect for swimming and sunbathing, as well as several cafes and shops selling local crafts and souvenirs.",Cultural,Afternoon
5084,Mahón,Menorca,"Mahón is the capital city of Menorca, located on the eastern coast of the island. It is known for its natural harbor, which is one of the largest in the world, and its historic architecture influenced by British, Spanish, and French styles. Mahón boasts numerous landmarks, including an impressive cathedral, ancient fortifications, and elegant Georgian-style buildings. The city is also famous for its local gin, which can be sampled in many of its bars and restaurants.",Cultural,Afternoon
3943,Playa de Son Bou,Menorca,"Playa de Son Bou is the longest beach on the island of Menorca, stretching over 3 kilometers of golden sand and crystal-clear waters. It is a popular destination for beach lovers and water sports enthusiasts, offering a wide range of activities such as swimming, snorkeling, kayaking, and paddleboarding. The beach is backed by sand dunes and a nature reserve, providing opportunities for hiking and birdwatching, making it a perfect spot for both relaxation and outdoor adventures.",Beach,Afternoon
7025,Cala Pregonda,Menorca,"Cala Pregonda is a unique beach known for its distinctive red sand, rugged cliffs, and turquoise waters. It is a secluded and unspoiled cove accessible via a short hike, offering a pristine and natural environment for beachgoers seeking tranquility and seclusion. The beach is also popular for snorkeling and exploring its rocky seabed with its rich marine life and underwater caves, providing a unique and unforgettable beach experience.",Nature,Afternoon
4799,Es Grau,Menorca,"Es Grau is a picturesque fishing village and nature reserve located on the northeastern coast of Menorca. It is known for its shallow and calm waters, making it a safe and ideal spot for families with young children. Es Grau is also home to the S'Albufera des Grau Nature Reserve, which is a haven for birdwatching and wildlife enthusiasts, with its diverse ecosystems including marshes, dunes, and pine forests. The village offers a tranquil and authentic experience of Menorca's natural beauty.",Nature,Afternoon
4075,Faro de Favaritx,Menorca,"Faro de Favaritx is a striking lighthouse located on the northern coast of Menorca, known for its dramatic black cliffs, rocky landscapes, and panoramic views of the sea. It is a popular spot for hiking and photography, with its rugged and wild beauty providing a unique contrast to the island's other landscapes. The lighthouse is also surrounded by several pristine beaches and coves, adding to its allure as a destination for nature lovers and outdoor enthusiasts.",Nature,Afternoon
122,Talatí de Dalt,Menorca,"Talatí de Dalt is a prehistoric settlement located in the heart of Menorca, known for its ancient talayots (stone towers), T-shaped structures, and megalithic monuments. It is a significant archaeological site that offers insights into the island's prehistoric past, with its well-preserved remains dating back to the Bronze Age. Talatí de Dalt also offers panoramic views of the surrounding countryside, making it a fascinating destination for history buffs and those interested in Menorca's ancient heritage.",Historical,Afternoon
5610,Basilica de Son Bou,Menorca,"Basilica de Son Bou is a historic church located in the resort town of Son Bou, known for its Romanesque architecture, medieval frescoes, and religious significance. It is a place of worship and pilgrimage, with its origins dating back to the 5th century AD. The church is dedicated to Saint John the Baptist and is adorned with beautiful artwork and religious artifacts, offering a glimpse into the island's religious history and cultural heritage. The Basilica de Son Bou is also surrounded by stunning natural scenery, with panoramic views of the coast and the surrounding countryside, making it a unique destination for both spiritual and aesthetic appreciation.",Cultural,Afternoon
6325,Museu de Menorca,Menorca,"Museu de Menorca is an archaeological museum located in Mahón, the capital city of Menorca. It houses a vast collection of artifacts that showcase the island's rich history and cultural heritage, spanning from prehistoric times to the present day. The museum displays items such as pottery, tools, jewelry, and artwork, providing insights into Menorca's past civilizations, including the Talayotic, Roman, Muslim, and British periods. Museu de Menorca offers a fascinating journey through the island's history, making it a must-visit destination for history enthusiasts and those interested in archaeology and anthropology.",Cultural,Afternoon
569,Fort Marlborough,Menorca,"Fort Marlborough is an 18th-century fortress located in Mahón, built by the British during their occupation of Menorca. It is a well-preserved military structure that played a significant role in the island's history, serving as a strategic defense against foreign invasions. The fortress offers a glimpse into Menorca's colonial past, with its impressive walls, bastions, and tunnels, as well as stunning views of the surrounding harbor and coastline. Fort Marlborough is a unique destination for history buffs and those interested in military architecture and fortifications.",Historical,Afternoon
3719,Santuario de la Virgen del Monte Toro,Menorca,"Santuario de la Virgen del Monte Toro is a religious sanctuary located on the highest peak of Menorca, Monte Toro. It is a place of pilgrimage and devotion, housing a statue of the Virgin Mary, the patron saint of Menorca. The sanctuary offers panoramic views of the island from its elevated location, and it is a serene and peaceful destination for reflection, meditation, and contemplation. Visitors can also explore the surrounding area, including the chapels, gardens, and viewpoints, making it a unique spiritual and scenic experience.",Nature,Morning
563,Cavalleria Beach,Menorca,"Cavalleria Beach is a wild and secluded beach located on the northern coast of Menorca. It is known for its unspoiled beauty, with its pristine white sand, crystal-clear waters, and rugged cliffs. Cavalleria Beach is a naturist-friendly beach, offering a sense of tranquility and freedom in its natural surroundings. It is also a popular spot for snorkeling, with its rich marine life and underwater caves, offering a unique and immersive beach experience for nature lovers and adventure seekers.",Beach,Afternoon
9572,Camí de Cavalls,Menorca,"Camí de Cavalls is a historic coastal path that circles the entire island of Menorca, spanning over 185 kilometers. It is a ancient trail that has been used for centuries for transportation, defense, and communication, and it offers a unique way to explore Menorca's coastline, with its rugged cliffs, pristine beaches, and hidden coves. Camí de Cavalls is a popular destination for hiking, horseback riding, and cycling, offering breathtaking views of the sea and the island's diverse landscapes. It is a must-visit for outdoor enthusiasts and those seeking an adventurous and immersive experience of Menorca's natural beauty.",Nature,Afternoon
7231,Cala en Porter,Menorca,"Cala en Porter is a family-friendly beach located on the southern coast of Menorca. It is known for its shallow and calm waters, making it a safe and ideal spot for families with young children. The beach is backed by cliffs and surrounded by lush vegetation, providing a picturesque setting for relaxation and recreation. Cala en Porter also offers various amenities such as restaurants, bars, and water sports facilities, making it a convenient and enjoyable destination for a day of fun in the sun for families and visitors of all ages.",Beach,Afternoon
3407,Binibèquer Beach,Menorca,"Binibèquer Beach is a beautiful white sand beach located on the southeast coast of Menorca. It is known for its pristine sands, crystal-clear waters, and picturesque surroundings, with its traditional white-washed houses and fishing boats dotting the coastline. Binibèquer Beach is a popular destination for swimming, sunbathing, and snorkeling, with its calm and shallow waters perfect for leisurely water activities. The beach also offers facilities such as beach bars and restaurants, making it a relaxing and enjoyable spot to spend a day by the sea.",Beach,Afternoon
2768,Cala Macarelleta,Menorca,"Cala Macarelleta is a scenic cove located on the southern coast of Menorca, close to Cala Macarella. It is known for its turquoise-colored waters, fine white sand, and stunning cliffs, offering a picturesque and secluded spot for swimming and sunbathing. The cove is accessible by foot via a picturesque trail and is a popular destination for those seeking a more tranquil and untouched beach experience. Cala Macarelleta is also a popular spot for snorkeling, with its clear waters teeming with marine life, making it a must-visit destination for nature lovers and beach enthusiasts.",Beach,Afternoon
1402,Cala en Turqueta,Menorca,"Cala en Turqueta is a breathtaking turquoise-colored beach located on the southwestern coast of Menorca. It is known for its stunning natural beauty, with its clear waters, white sand, and surrounding pine forests. The beach is nestled in a picturesque cove, offering a secluded and peaceful spot for swimming and sunbathing. Cala en Turqueta is a popular destination for snorkeling, with its abundant marine life and underwater caves, making it a paradise for underwater exploration. The beach is also surrounded by scenic hiking trails, offering opportunities to explore the surrounding nature and enjoy the stunning coastal views.",Beach,Afternoon
1192,Playa de Son Xoriguer,Menorca,"Playa de Son Xoriguer is a popular sandy beach located on the southwestern coast of Menorca, close to the resort town of Cala'n Bosch. It is known for its wide stretch of golden sand, shallow waters, and facilities such as water sports, sun loungers, and beach bars. Playa de Son Xoriguer is a family-friendly beach, offering safe swimming conditions and plenty of activities for children and adults alike. The beach is also a popular spot for windsurfing and sailing, with its steady winds and calm waters providing ideal conditions for water sports. Playa de Son Xoriguer is a lively and bustling beach, perfect for a day of fun and relaxation by the sea.",Beach,Afternoon
9273,Palma Cathedral,Mallorca,"Palma Cathedral is an impressive Gothic cathedral located in Palma de Mallorca, the capital of the island. It is known for its stunning architecture, including flying buttresses, stained glass windows, and a large rose window. The cathedral is a must-visit for history and architecture enthusiasts, offering breathtaking views of the city and the sea from its terraces.",Historical,Morning
6867,Bellver Castle,Mallorca,"Bellver Castle is a unique circular castle located on a hill overlooking Palma de Mallorca. It is known for its distinctive architecture and panoramic views of the city and the surrounding countryside. The castle houses a museum with exhibits on history and archaeology, making it a fascinating destination for those interested in Mallorca's past.",Historical,Afternoon
5012,Palma Aquarium,Mallorca,"Palma Aquarium is a popular marine life attraction located in Palma de Mallorca. It features a wide variety of marine species from around the world, including sharks, rays, turtles, and colorful fish. The aquarium also offers interactive exhibits and activities, making it an engaging and educational experience for visitors of all ages.",Adventurous,Afternoon
4534,Serra de Tramuntana,Mallorca,"Serra de Tramuntana is a UNESCO World Heritage site, encompassing a stunning mountain range that stretches along the northwest coast of Mallorca. It is known for its rugged peaks, terraced landscapes, and picturesque villages. The area offers opportunities for hiking, cycling, and scenic drives, with breathtaking views of the Mediterranean Sea and the surrounding countryside.",Nature,Morning
4657,Es Trenc,Mallorca,"Es Trenc is a pristine beach located on the southeastern coast of Mallorca. It is known for its white sand, crystal-clear waters, and natural dunes. Es Trenc is a protected area, offering a serene and unspoiled beach experience. It is a popular spot for swimming, sunbathing, and water sports, and is often considered one of the most beautiful beaches in Mallorca.",Beach,Afternoon
4108,Valldemossa,Mallorca,"Valldemossa is a charming mountain village located in the Serra de Tramuntana range. It is known for its picturesque streets, stone houses, and stunning views of the surrounding countryside. Valldemossa is also famous for its Carthusian monastery, where composer Frederic Chopin and writer George Sand stayed in the 19th century. The village offers a peaceful and idyllic setting, perfect for a leisurely stroll and soaking in the local atmosphere.",Nature,Morning
5358,Castell de Bellver,Mallorca,"Castell de Bellver is a medieval fortress located on a hill overlooking Palma de Mallorca. It is known for its circular shape and panoramic views of the city and the sea. The castle houses a museum with exhibits on history and archaeology, and also hosts cultural events and concerts. Castell de Bellver is a unique attraction that offers a glimpse into Mallorca's rich history and offers stunning vistas of the surrounding landscape.",Historical,Afternoon
152,Caves of Drach,Mallorca,"The Caves of Drach are a stunning network of caves located on the eastern coast of Mallorca. They are known for their impressive stalactite formations, underground lake called Lake Martel, and spectacular light displays. Visitors can take guided tours of the caves and enjoy classical music concerts performed on boats in the lake, creating a magical and unforgettable experience.",Adventurous,Afternoon
4898,Cap de Formentor,Mallorca,"Cap de Formentor is a spectacular viewpoint located on the northern tip of Mallorca. It is known for its dramatic cliffs, panoramic views of the Mediterranean Sea, and winding coastal road. Cap de Formentor is a popular destination for scenic drives, hiking, and photography, with its breathtaking vistas and rugged natural beauty.",Nature,Afternoon
5345,Palma Old Town,Mallorca,"Palma Old Town is the historic quarter of Palma de Mallorca, known for its narrow cobblestone streets, medieval buildings, and historic landmarks. It is home to attractions such as the Royal Palace of La Almudaina, Palma Cathedral, and numerous museums and galleries. Palma Old Town offers a glimpse into the island's rich history and culture, with its well-preserved architecture and charming atmosphere.",Historical,Morning
7120,Alcudia Old Town,Mallorca,"Alcudia Old Town is a historic town located on the northeast coast of Mallorca. It is known for its well-preserved medieval walls, narrow streets, and ancient ruins. The town has a rich history that dates back to Roman times, and visitors can explore ancient sites such as the Roman Theatre and the Roman Pollentia Archaeological Site. Alcudia Old Town also offers a variety of shops, cafes, and restaurants, making it a perfect destination for a leisurely stroll and experiencing the local culture.",Historical,Morning
1454,Sa Calobra,Mallorca,"Sa Calobra is a scenic road and beach located on the northwest coast of Mallorca. The road to Sa Calobra is famous for its hairpin bends, offering a thrilling driving experience and breathtaking views of the sea and the mountains. At the end of the road lies Sa Calobra beach, a secluded cove with crystal-clear waters and rocky cliffs. The beach is popular for swimming and snorkeling, and the surrounding landscape is a natural wonder with its rugged cliffs and turquoise waters.",Nature,Afternoon
1812,Palma City Beaches,Mallorca,"Palma de Mallorca is known for its beautiful city beaches, including Playa de Palma, Cala Major, and Can Pere Antoni. Playa de Palma is a long sandy beach with a vibrant atmosphere, lined with bars, restaurants, and shops. Cala Major is a smaller beach with clear waters and a relaxed vibe, popular among locals and tourists alike. Can Pere Antoni is a city beach located near Palma Old Town, known for its golden sand and tranquil waters. All of these beaches offer opportunities for swimming, sunbathing, and water sports, making them perfect for a day of fun in the sun.",Beach,Afternoon
9456,Marineland Mallorca,Mallorca,"Marineland Mallorca is an aquatic park located in Costa d'en Blanes, Mallorca. It features a variety of marine animals, including dolphins, sea lions, and exotic fish. Visitors can enjoy shows and demonstrations, as well as interact with some of the animals. Marineland Mallorca also offers a water park with slides and pools, making it a fun-filled day for families and animal lovers alike.",Adventurous,Afternoon
5486,Sóller,Mallorca,"Sóller is a picturesque town located in a valley in the Serra de Tramuntana range. It is known for its charming old town with narrow streets, historic buildings, and a vintage train ride that connects Sóller to the coastal town of Port de Soller. The train, known as the Orange Express, offers stunning views of the surrounding countryside and is a popular tourist attraction. Sóller is also famous for its oranges, and visitors can enjoy delicious local citrus products and explore the town's quaint shops and cafes.",Nature,Morning
4691,Cala Mondrago,Mallorca,"Cala Mondrago is a beautiful cove located in a natural park on the southeastern coast of Mallorca. It is known for its turquoise waters, sandy beaches, and scenic walking trails. Cala Mondrago offers a peaceful and unspoiled natural setting, perfect for swimming, snorkeling, and hiking. The surrounding park is a protected area with diverse flora and fauna, making it a paradise for nature lovers.",Beach,Afternoon
1254,Palma de Mallorca Market,Mallorca,"Palma de Mallorca Market is a local food and crafts market located in the heart of Palma Old Town. It is known for its vibrant atmosphere, offering a wide array of fresh produce, local delicacies, handmade crafts, and souvenirs. Visitors can stroll through the market and experience the bustling ambiance, while sampling local products such as cheeses, olives, fruits, and pastries. Palma de Mallorca Market is a great place to immerse oneself in the local culture and take home some authentic Mallorcan souvenirs.",Cultural,Morning
7853,Port de Soller,Mallorca,"Port de Soller is a charming harbor town located on the northwest coast of Mallorca. It is known for its picturesque bay, sandy beaches, and scenic views of the surrounding mountains. The town is a popular destination for boating, swimming, and water sports, with its calm waters and beautiful scenery. Port de Soller also offers a variety of waterfront restaurants, cafes, and shops, making it a perfect place to relax and enjoy the Mediterranean atmosphere.",Beach,Afternoon
1082,Fundació Pilar i Joan Miró,Mallorca,"Fundació Pilar i Joan Miró is an artist's studio and museum located in Palma de Mallorca. It is dedicated to the renowned Spanish artist Joan Miró, who lived and worked in Mallorca for many years. The museum displays a large collection of Miró's artwork, including paintings, sculptures, and drawings, providing insights into his artistic process and creative genius. The museum also features a sculpture garden and a library, offering a comprehensive experience for art enthusiasts and fans of Joan Miró.",Cultural,Morning
2472,Palacio Real de La Almudaina,Mallorca,"Palacio Real de La Almudaina is a historic palace located in Palma de Mallorca, overlooking the sea. It is known for its impressive architecture, featuring a mix of Gothic and Moorish styles. The palace has served as a royal residence for centuries and is still used for official receptions and ceremonies. Visitors can explore the grand halls, courtyards, and gardens, and learn about the history of the Balearic Islands and its royal heritage. Palacio Real de La Almudaina is a must-visit for history buffs and architecture enthusiasts.",Cultural,Morning
763,Alcázar of Seville,Sevilla,"The Alcázar of Seville is a breathtaking royal palace that boasts a stunning mix of architectural styles including Mudéjar, Gothic, and Renaissance. This historic palace, originally built in the 10th century, has been used by various Spanish monarchs throughout the centuries and is one of the oldest palaces in Europe still in use. Its intricate details, elaborate tilework, ornate ceilings, and beautiful gardens with fountains, courtyards, and lush greenery make it a true masterpiece. The Alcázar is a UNESCO World Heritage site and a must-visit destination for history and architecture enthusiasts, offering a glimpse into Spain's rich cultural heritage.",Historical,Afternoon
315,Seville Cathedral,Sevilla,"Seville Cathedral is an awe-inspiring Gothic cathedral that is the largest cathedral in the world by volume. This magnificent structure was built in the 15th century on the site of a former mosque, and its grandeur and scale are truly impressive. The cathedral houses numerous artistic treasures, including the tomb of Christopher Columbus, exquisite stained glass windows, and intricate sculptures. One of the highlights of the cathedral is its iconic Giralda Tower, a former minaret from the mosque, which offers panoramic views of the city. Seville Cathedral is a UNESCO World Heritage site and a must-visit for those interested in history, art, and architecture.",Historical,Morning
7130,Plaza de España,Sevilla,"Plaza de España is a historic square that is a true masterpiece of Spanish architecture. Built for the 1929 Ibero-American Exposition, this expansive square features a semi-circular shape, a canal with beautiful bridges, and a stunning building with intricate tilework and decorative details. The building houses government offices and is adorned with colorful ceramic tiles representing different regions of Spain. The plaza is surrounded by a park with fountains, green spaces, and benches, making it a popular spot for leisurely strolls, relaxing, and enjoying the beauty of the square. Plaza de España is a testament to Seville's rich history and cultural heritage and a must-visit destination for those interested in architecture and history.",Cultural,Morning
5285,Parque de María Luisa,Sevilla,"Parque de María Luisa is a historic park that is one of the main green spaces in Seville and a true oasis in the heart of the city. Originally designed as the gardens for the 1929 Exposition, this expansive park features beautifully landscaped gardens with fountains, ponds, and pavilions. Its lush greenery, colorful flowers, and shaded walkways make it a perfect place to escape the hustle and bustle of the city and enjoy some tranquility. The park is a popular destination for locals and visitors alike, who come here to relax, take a leisurely stroll, have a picnic, or rent a rowboat and enjoy the serene atmosphere of the park.",Nature,Morning
8595,Metropol Parasol,Sevilla,"Metropol Parasol is a unique and modern architectural marvel located in the historic center of Seville. It is a massive wooden structure that resembles giant mushrooms or parasols, hence its name, and is considered the largest wooden structure in the world. Designed by the German architect Jürgen Mayer, Metropol Parasol has become an iconic symbol of modern Seville, combining cutting-edge design with sustainable architecture. The structure consists of six huge parasols that provide shade, shelter, and panoramic views of the city. It also houses an archaeological museum, an elevated plaza, and a market, making it a multifunctional space that is a hub of social, cultural, and recreational activities. Metropol Parasol has won numerous architectural awards and has become a popular tourist attraction, offering a unique and contemporary perspective of Seville's urban landscape.",Cultural,Afternoon
604,Triana,Sevilla,"Triana is a vibrant and colorful neighborhood located on the west bank of the Guadalquivir River in Seville. Triana is known for its rich cultural heritage, with its roots dating back to the Roman era. It has a unique identity and charm, with its narrow streets, traditional houses adorned with colorful tiles, and lively atmosphere. Triana is famous for its flamenco music and dance, and you can find numerous flamenco bars and tablaos where you can experience this iconic Spanish art form at its best. The neighborhood also has a bustling market, Mercado de Triana, where you can taste local delicacies and buy fresh produce. Triana is a great place to immerse yourself in the local culture, enjoy the vibrant nightlife, and explore its historic streets.",Cultural,Afternoon
8915,Giralda Tower,Sevilla,"Giralda Tower is a historic tower that is an iconic symbol of Seville. Originally built as a minaret for the Great Mosque of Seville in the 12th century, it was later converted into a bell tower for Seville Cathedral. The tower stands at 104 meters tall and offers panoramic views of the city from the top. Its unique architecture, with a combination of Islamic and Renaissance elements, is a testament to the city's diverse cultural influences over the centuries. The tower is accessed through a series of ramps instead of stairs, which were designed to allow the muezzin to ride his horse to the top for the call to prayer. Giralda Tower is a UNESCO World Heritage site and a must-visit for history and architecture enthusiasts.",Historical,Morning
4133,Real Maestranza Bullring,Sevilla,"Real Maestranza Bullring is the oldest bullring in Spain and one of the most important bullfighting arenas in the world. Located in the historic quarter of Seville, this iconic bullring has a rich history dating back to the 18th century. It is known for its impressive architecture, with its unique horseshoe shape, beautiful sandstone facade, and intricate ornamentation. The bullring also houses a museum where you can learn about the history and tradition of bullfighting in Spain. Even if you're not a fan of bullfighting, a visit to the Real Maestranza Bullring offers insight into this cultural phenomenon and its significance in Spanish culture.",Historical,Afternoon
4413,Torre del Oro,Sevilla,"Torre del Oro is a historic tower located on the banks of the Guadalquivir River in Seville. This 13th-century tower was originally built as a defensive structure and served as a watchtower and a prison during different periods of history. The tower features a unique octagonal shape and is adorned with golden tiles, which is believed to have given it its name, 'Tower of Gold.' Today, Torre del Oro houses a maritime museum where you can learn about the history of Seville's maritime trade and its relationship with the river. The tower also offers panoramic views of the river and the city, making it a popular attraction for visitors.",Historical,Afternoon
6435,Barrio Santa Cruz,Sevilla,"Barrio Santa Cruz is a historic Jewish quarter located in the heart of Seville. This labyrinthine neighborhood is known for its narrow winding streets, charming alleys, and whitewashed houses adorned with colorful flowers, making it a picturesque and enchanting place to explore. Barrio Santa Cruz has a rich history, with its origins dating back to the medieval times when it was a thriving Jewish neighborhood. Today, it is a vibrant and bustling area with numerous shops, restaurants, and cafes where you can immerse yourself in the local culture and taste delicious Spanish cuisine. The neighborhood is also home to many important landmarks, including the beautiful Murillo Gardens, the historic Casa de Pilatos, and the Hospital de los Venerables, which has been converted into a museum displaying works of famous Spanish painters.",Historical,Morning
8148,Archivo General de Indias,Sevilla,"Archivo General de Indias is a historical archive located in Seville, housing an extensive collection of documents related to the Spanish colonies in the Americas. The archive was established in the 18th century and is known for its impressive collection of maps, charts, and manuscripts that provide valuable insights into the history of the Spanish conquest and colonization of the Americas. The archive's collection includes important documents related to the exploration and discovery of the New World, as well as administrative, economic, and social records of the Spanish colonies. It is a treasure trove of information for historians, researchers, and anyone interested in the history of the Americas and the Spanish empire.",Cultural,Morning
8432,Plaza de América,Sevilla,"Plaza de América is a historic square located within the lush and expansive Parque de María Luisa in Seville. The square is known for its stunning architecture and grandeur, with a series of grand buildings surrounding it. These buildings were constructed for the 1929 Ibero-American Exposition and represent different architectural styles, including Renaissance, Gothic, and Mudéjar. The plaza is adorned with beautiful fountains, ornamental gardens, and decorative tiles, making it a visually captivating destination. The Plaza de América is a popular spot for leisurely walks, picnics, and enjoying the tranquil surroundings of the park. It is also a hub for cultural events and performances, showcasing Seville's rich heritage and artistic expressions.",Cultural,Morning
726,Isla Mágica,Sevilla,"Isla Mágica is a popular theme park located in Seville, offering a thrilling experience for families and thrill-seekers alike. The park is set on an island and is themed around the Age of Exploration, with different sections representing different cultures and continents that were explored during the colonial era. Isla Mágica features a variety of rides, shows, and attractions, ranging from heart-pounding roller coasters to gentle water rides, making it a fun-filled destination for visitors of all ages. The park also hosts entertaining shows, including acrobatics, theater, and live performances that showcase the rich cultural heritage of Seville and Spain. Isla Mágica is a perfect place to spend a day full of excitement, adventure, and entertainment.",Adventurous,Afternoon
4945,Museum of Fine Arts,Sevilla,"The Museum of Fine Arts in Seville is one of the most important art museums in Spain, showcasing an extensive collection of paintings, sculptures, and decorative arts from the medieval period to the 20th century. The museum is housed in a beautiful 17th-century building that was originally a convent, and it offers a rich and diverse collection of artworks from renowned Spanish artists such as Diego Velázquez, Bartolomé Esteban Murillo, Francisco de Zurbarán, and many others. The museum also features works from other European schools, including Flemish, Italian, and Dutch artists. The collection includes religious and mythological themes, portraits, landscapes, and genre scenes, providing a comprehensive overview of the development of Spanish and European art throughout the centuries.",Cultural,Morning
7108,Palacio de las Dueñas,Sevilla,"Palacio de las Dueñas is a magnificent historic palace located in Seville, known for its exquisite architecture, lush gardens, and rich history. The palace was built in the 15th century and has been home to prominent Spanish noble families over the centuries. It features a blend of architectural styles, including Gothic, Mudéjar, and Renaissance, with beautiful courtyards, ornate facades, and intricate detailing. The palace is adorned with stunning artwork, furniture, and decorative elements that reflect the opulence and grandeur of its past residents. The surrounding gardens are a tranquil oasis, with fragrant flowers, fountains, and shaded walkways, offering a peaceful retreat from the bustling city. Palacio de las Dueñas is a true gem of Seville, providing a glimpse into the aristocratic lifestyle of Spain's history and showcasing the city's architectural and cultural heritage.",Cultural,Morning
9865,Casa de Pilatos,Sevilla,"Casa de Pilatos is a Renaissance palace located in Seville, known for its exquisite architecture, decorative arts, and historic significance. The palace was built in the 16th century and is considered one of the finest examples of Renaissance architecture in Spain. It features a harmonious blend of Italian, Mudéjar, and Gothic styles, with a stunning courtyard, grand staircase, and ornate facades. The palace is adorned with beautiful artwork, including frescoes, sculptures, and tiles, and is filled with antique furniture, tapestries, and decorative elements that reflect the opulence and elegance of the Renaissance period. The palace also has beautiful gardens, with fountains, terraces, and fragrant flowers, providing a serene and peaceful ambiance. Casa de Pilatos is a treasure trove of art, history, and culture, offering a glimpse into the refined lifestyle of the Spanish nobility during the Renaissance era.",Beach,Morning
3086,Hospital de los Venerables,Sevilla,"Hospital de los Venerables is a historic building located in Seville, originally built as a hospital for elderly priests in the 17th century. Today, it has been converted into a museum and cultural center, showcasing the art and history of Seville and Spain. The building itself is a beautiful example of Baroque architecture, with a grand facade, ornate detailing, and a stunning courtyard. The museum houses a rich collection of paintings, sculptures, and decorative arts from the Baroque period, including works by renowned Spanish artists such as Diego Velázquez and Bartolomé Esteban Murillo. The museum offers a glimpse into the artistic and cultural heritage of Seville and its significance in Spain's art history.",Historical,Morning
903,Girona Cathedral,Girona,"Girona Cathedral is a historic cathedral located in the heart of Girona's Old Town. It is a masterpiece of Gothic architecture, with its imposing façade, soaring bell tower, and intricate details. The cathedral houses a rich collection of religious art and artifacts, including paintings, sculptures, and tapestries. Visitors can explore the impressive interior, adorned with stained glass windows, and marvel at the breathtaking panoramic views of Girona from the cathedral's terrace.",Historical,Morning
7805,Girona Old Town,Girona,"Girona Old Town is a medieval quarter that is renowned for its well-preserved medieval architecture and narrow cobblestone streets. The old town is surrounded by ancient city walls, and its maze-like layout is filled with charming alleys, historic buildings, and picturesque squares. Exploring the old town is like stepping back in time, with its preserved medieval buildings, such as the Plaça dels Jurats, the Pujada de Sant Feliu, and the Plaça del Vi, which are steeped in history and culture.",Historical,Morning
8098,Arab Baths,Girona,"The Arab Baths of Girona are historic baths dating back to the 12th century, and they are one of the best-preserved examples of Romanesque architecture in the city. The baths were built by the Moors and are a testament to Girona's rich cultural heritage. Visitors can admire the intricate architectural details, including the star-shaped vaults, horseshoe arches, and ornate columns, and learn about the history of these ancient baths and their significance in Girona's past.",Cultural,Afternoon
9673,El Call,Girona,"El Call is the Jewish quarter of Girona and is one of the best-preserved medieval Jewish neighborhoods in Europe. This historic quarter is a labyrinth of narrow streets, hidden alleys, and stone houses that date back to the Middle Ages. El Call is a fascinating place to explore, with its rich history, including its synagogue, which is one of the oldest in Spain, and its Jewish Museum, which showcases the history and culture of the Jewish community in Girona.",Historical,Morning
2228,Girona City Walls,Girona,"Girona City Walls are historic fortifications that surround the old town, offering panoramic views of the city and its surroundings. The walls date back to Roman times and have been expanded and renovated over the centuries. Visitors can take a leisurely stroll along the city walls and admire the breathtaking views of Girona's rooftops, bell towers, and the surrounding countryside. The walls are also home to several towers, including the iconic Torre Gironella, which offers a bird's-eye view of the city.",Cultural,Afternoon
546,Sant Pere de Galligants,Girona,"Sant Pere de Galligants is a historic monastery turned museum that houses a collection of Romanesque art and artifacts. The building itself is a masterpiece of Romanesque architecture, with its ornate façade, rose window, and intricate carvings. Inside, visitors can explore the museum's exhibits, which include sculptures, paintings, and decorative arts from the Romanesque period. The museum also offers insights into the history and culture of Girona and its surrounding region.",Historical,Morning
5975,Eiffel Bridge,Girona,"Eiffel Bridge is an iconic iron bridge that spans the Onyar River in Girona. It was designed by Gustave Eiffel, the famous French engineer who also designed the Eiffel Tower in Paris. The bridge is a unique example of 19th-century engineering and is a significant landmark in Girona. Visitors can walk across the bridge and admire its intricate lattice-work design, decorative elements, and historic significance. The bridge offers stunning views of Girona's colorful houses along the Onyar River and provides a great photo opportunity for capturing the city's beauty from a unique perspective.",Cultural,Afternoon
5552,Girona Art Museum,Girona,"Girona Art Museum is a renowned museum that houses an extensive collection of art from various periods, including Romanesque, Gothic, Renaissance, and Baroque. The museum is housed in a historic building and features a diverse range of art forms, including paintings, sculptures, and decorative arts. Visitors can admire masterpieces from renowned artists, learn about the development of art styles throughout history, and gain insights into Girona's cultural heritage through its rich artistic traditions.",Historical,Morning
2680,Gironas City Hall,Girona,"Girona's City Hall is a historic building located in the heart of the city's Old Town. The building is a fine example of Catalan Gothic architecture, with its ornate façade, arched windows, and decorative details. The City Hall has served as the seat of local government for centuries and is a significant landmark in Girona. Visitors can admire its historic architecture, take in the bustling activity of the Plaça del Vi, and appreciate the building's role in the city's administrative and civic history.",Historical,Afternoon
866,Basilica of Sant Feliu,Girona,"The Basilica of Sant Feliu is a baroque church located in Girona's Old Town. It is one of the city's oldest churches, dating back to the 14th century, and is known for its impressive façade, ornate interior, and rich religious history. The church houses a collection of religious art, including paintings, sculptures, and decorative arts, and its bell tower offers panoramic views of Girona. Visitors can appreciate the church's architectural beauty, learn about its history and significance, and experience its peaceful and contemplative ambiance.",Historical,Morning
8058,Plaça de la Independència,Girona,"Plaça de la Independència is a historic square in Girona that has been a focal point of the city's social and cultural life for centuries. The square is surrounded by historic buildings with beautiful façades, arcades, and balconies, and is a popular spot for shopping, dining, and people-watching. Plaça de la Independència is a vibrant hub of activity, with its lively atmosphere, bustling cafes, and street performers. Visitors can relax in the square's pleasant surroundings, soak up the city's energy, and immerse themselves in its rich history and culture.",Historical,Morning
4561,Girona City History Museum,Girona,"Girona City History Museum is a museum dedicated to the history and culture of Girona and its surrounding region. The museum is housed in a historic building and features a wide range of exhibits, including archaeological artifacts, historical documents, and multimedia displays. Visitors can explore the museum's various sections, which cover different aspects of Girona's history, such as its Roman past, medieval heritage, and modern developments. The museum offers insights into the city's cultural evolution, its traditions, and its role in regional and national history.",Historical,Morning
2915,Girona Cinema Museum,Girona,"Girona Cinema Museum is a unique museum dedicated to the art and history of cinema. The museum is housed in a historic building and features an extensive collection of cinema-related artifacts, including cameras, projectors, costumes, posters, and props. The museum showcases the evolution of cinema from its early days to the modern era, and offers insights into the technological advancements, artistic achievements, and cultural impact of cinema throughout history. Visitors can experience the magic of cinema through interactive exhibits, multimedia displays, and screenings, and gain a deeper appreciation for the art form's significance in popular culture and society.",Historical,Morning
6127,Sant Daniel Monastery,Girona,"Sant Daniel Monastery is a Romanesque monastery located in a serene natural setting on the outskirts of Girona. The monastery dates back to the 12th century and is known for its peaceful ambiance, beautiful cloister, and well-preserved architectural features. Visitors can explore the monastery's courtyard, chapel, and gardens, and take in the tranquility of the surroundings. The monastery is also a starting point for hiking trails that lead to scenic viewpoints and offer stunning vistas of Girona and the surrounding landscape.",Historical,Morning
1771,Girona Jewish Museum,Girona,"Girona Jewish Museum is a museum dedicated to showcasing the rich history and culture of the Jewish community in Girona. The museum is located in a historic building and features exhibits that highlight the legacy of the Jewish community in Girona, their contributions to the city's cultural heritage, and their way of life. Visitors can learn about the history of the Jewish community in Girona through interactive displays, artifacts, and multimedia presentations. The museum also offers insights into the Jewish festivals, customs, and traditions, providing a deeper understanding of the Jewish culture and its significance in Girona's history.",Historical,Morning
7632,Girona City Wall Walk,Girona,"Girona City Wall Walk is a scenic walk along the well-preserved city walls that encircle Girona's Old Town. The city walls date back to Roman times and have been expanded and fortified over the centuries. The walk offers panoramic views of the city, including its historic buildings, squares, and the surrounding landscape. Visitors can explore the various towers, gates, and ramparts along the city walls, and experience the city's rich history and heritage up close. The City Wall Walk provides a unique perspective of Girona's architectural beauty and offers a memorable experience for history and nature enthusiasts alike.",Cultural,Afternoon
8247,Cathedral of Girona,Girona,"The Cathedral of Girona, also known as Girona Cathedral, is a historic cathedral located in the heart of Girona's Old Town. The cathedral dates back to the 11th century and features a mix of architectural styles, including Romanesque, Gothic, and Baroque. The cathedral is known for its impressive façade, ornate interior, and stunning stained glass windows. Visitors can explore the cathedral's nave, chapels, and crypt, and marvel at its intricate details, sculptures, and religious art. The cathedral also offers panoramic views of Girona from its bell tower, providing a breathtaking vantage point of the city and its surroundings.",Historical,Morning
1269,Girona University,Girona,"Girona University is a historic university located in Girona's Old Town. The university traces its roots back to the 15th century and is known for its rich academic heritage, with faculties ranging from humanities and sciences to health sciences and engineering. The university's historic buildings, courtyards, and libraries are architectural treasures that reflect the institution's long history and scholarly traditions. Visitors can explore the university's campus, admire its historic architecture, and soak in the vibrant academic atmosphere. Girona University is also a hub of cultural and intellectual activities, hosting events, exhibitions, and conferences that contribute to the city's intellectual vitality.",Historical,Morning
7946,Onyar River Houses,Girona,"Onyar River Houses are a series of colorful houses located along the banks of the Onyar River in Girona. These iconic houses are known for their unique architecture, with brightly painted facades, narrow windows, and decorative iron balconies. The houses are a quintessential feature of Girona's Old Town and are often depicted in postcards and photographs. Visitors can stroll along the river banks, take in the vibrant colors of the houses, and appreciate their cultural significance as an integral part of Girona's urban landscape.",Cultural,Afternoon
9171,Rambla de la Llibertat,Girona,"Rambla de la Llibertat is the main boulevard of Girona, known for its bustling atmosphere, lined with shops, cafes, and restaurants. The boulevard is a popular spot for shopping, dining, and leisurely strolls, offering a vibrant and lively experience. Rambla de la Llibertat is also home to various cultural events, street performances, and festivals, making it a hub of social and cultural activities in Girona. Visitors can enjoy the lively ambiance, explore the shops and eateries, and soak in the local vibe of this iconic street in Girona.",Historical,Afternoon
